Web,HTML,10
Web,CSS,10
Web,JavaScript,Observable,Observable,Observable,Observable,Observable,Observable,Observable,9
Web,JavaScript,Promise,9
Web,JavaScript,Async/Await,10
Tools,10
Entwicklungsprozess,Atomic Design,2
Tool7,10
Entwicklungsprozess,Atomic Design2,2
Tools,10
Entwicklungsprozess,Atomic Design3,2
Tools,10
Entwicklungsprozess,Atomic Design4,2
Tools4,10
Entwicklungsprozess,Atomic Design5,2
Tools3,10
Entwicklungsprozess,Atomic Design6,2
Tools2,10
Entwicklungsprozess,Atomic Design7,2
Tools1,10
Entwicklungsprozess,Atomic Design8,2
